{
  "type": "minecraft:entity",
  "pools": [
    {
      "rolls": 2,
      "entries": [
        {
          "type": "minecraft:tag",
          "name": "minecraft:seeds",
          "expand": true
        }
      ]
    },
    {
      "rolls": 1,
      "entries": [
        {
          "type": "minecraft:tag",
          "name": "minecraft:saplings",
          "expand": true
        }
      ]
    },
    {
      "rolls": 4,
      "entries": [
        {
          "type": "minecraft:tag",
          "name": "minecraft:flowers",
          "expand": true
        }
      ]
    },
    {
      "rolls": 2,
      "entries": [
        {
          "type": "minecraft:tag",
          "name": "croptopia:advancements_seeds",
          "expand": true
        }
      ]
    }
  ]
}
