{
    "powers": [
        "extraorigins:bite_sized",
    	"extraorigins:nimble",
	    "extraorigins:small_appetite",
	    "origins:climbing",
	    "extraorigins:jockey",
        "icarus:powered_flight",
        "origins:launch_into_air",
		"origins:aerial_combatant",
        "origins:cat_vision",
        "moborigins:queen_bee",
        "moborigins:flower_power"
    ],
    "icon": "minecraft:leather",
    "order": 13,
    "impact": 3,
    "name": "Scarlet Origin",
    "description": "Work in Progress"
}